id,first_name,last_name,email,gender,ip_address
1,Carl,Moreno,cmoreno0@netscape.com,Male,124.136.137.60
2,Teresa,Hamilton,thamilton1@homestead.com,Female,124.214.164.219
3,Sharon,Medina,smedina2@un.org,Female,104.30.179.26
4,Judy,Crawford,jcrawford3@dell.com,Female,136.156.40.200
5,Alan,Mcdonald,amcdonald4@theatlantic.com,Male,249.115.62.109
6,Frances,Greene,fgreene5@elpais.com,Female,74.207.110.155
7,Paul,Bailey,pbailey6@sfgate.com,Male,144.80.98.75
8,Michelle,Gray,mgray7@webeden.co.uk,Female,180.82.102.209
9,Shawn,Day,sday8@photobucket.com,Male,214.247.221.74
10,Brian,Lawrence,blawrence9@tiny.cc,Male,113.164.90.223
11,Shirley,Clark,sclarka@barnesandnoble.com,Female,81.244.195.66
12,Jason,Edwards,jedwardsb@mapy.cz,Male,67.13.138.51
13,Kathryn,Oliver,koliverc@pen.io,Female,55.178.173.224
14,Maria,Sanchez,msanchezd@hud.gov,Female,55.0.218.65
15,Shirley,Crawford,scrawforde@blogtalkradio.com,Female,224.233.77.192
16,Michelle,Hunt,mhuntf@sakura.ne.jp,Female,28.165.254.140
17,Eric,Garcia,egarciag@g.co,Male,223.194.66.212
18,Wanda,Patterson,wpattersonh@uol.com.br,Female,9.199.43.146
19,Annie,Alexander,aalexanderi@desdev.cn,Female,233.106.164.210
20,Mildred,Simpson,msimpsonj@technorati.com,Female,189.43.236.202
21,Gary,Perry,gperryk@pinterest.com,Male,221.255.239.53
22,Janice,Cole,jcolel@amazon.co.jp,Female,147.34.23.212
23,Annie,Foster,afosterm@umich.edu,Female,111.20.136.5
24,Sandra,James,sjamesn@samsung.com,Female,240.189.122.211
25,Earl,Gordon,egordono@reverbnation.com,Male,95.195.105.142
26,Keith,Freeman,kfreemanp@blogger.com,Male,117.226.235.1
27,Matthew,Morales,mmoralesq@odnoklassniki.ru,Male,17.60.217.138
28,Norma,Robinson,nrobinsonr@nba.com,Female,152.41.70.81
29,Richard,Andrews,randrewss@g.co,Male,154.198.97.178
30,Kenneth,Harrison,kharrisont@bbb.org,Male,72.123.41.148
31,Susan,Jacobs,sjacobsu@gravatar.com,Female,184.110.184.174
32,Evelyn,Barnes,ebarnesv@nytimes.com,Female,49.64.169.217
33,Catherine,Lawson,clawsonw@auda.org.au,Female,101.124.99.200
34,Walter,Ford,wfordx@blinklist.com,Male,126.118.198.123
35,Steven,Rogers,srogersy@ovh.net,Male,226.97.178.22
36,Harry,Day,hdayz@businesswire.com,Male,230.226.184.36
37,Amanda,Palmer,apalmer10@guardian.co.uk,Female,132.174.13.133
38,Roger,Sanders,rsanders11@google.cn,Male,155.20.5.225
39,Stephanie,Hansen,shansen12@webeden.co.uk,Female,7.51.139.144
40,Janet,Wright,jwright13@craigslist.org,Female,43.209.94.0
41,Arthur,Carroll,acarroll14@constantcontact.com,Male,221.253.147.136
42,Kevin,Schmidt,kschmidt15@so-net.ne.jp,Male,137.75.39.97
43,Walter,Howard,whoward16@ftc.gov,Male,244.225.208.168
44,Craig,Hunt,chunt17@washington.edu,Male,39.50.157.173
45,Victor,Cruz,vcruz18@woothemes.com,Male,154.31.170.29
46,Donna,Kelly,dkelly19@google.cn,Female,67.100.18.246
47,Rose,Cunningham,rcunningham1a@google.com.br,Female,249.165.107.224
48,Dorothy,Weaver,dweaver1b@multiply.com,Female,165.142.54.192
49,Christine,Foster,cfoster1c@engadget.com,Female,19.217.155.227
50,Joseph,Mitchell,jmitchell1d@samsung.com,Male,42.218.11.219
51,Jesse,Diaz,jdiaz1e@senate.gov,Male,109.9.169.237
52,Roy,Hunter,rhunter1f@soundcloud.com,Male,17.211.76.213
53,Denise,Ortiz,dortiz1g@booking.com,Female,80.99.121.171
54,Sharon,Franklin,sfranklin1h@trellian.com,Female,254.19.197.214
55,Betty,Wright,bwright1i@buzzfeed.com,Female,17.143.237.67
56,Gregory,Mason,gmason1j@si.edu,Male,155.28.221.158
57,Willie,Wagner,wwagner1k@abc.net.au,Male,1.199.195.53
58,Patrick,Coleman,pcoleman1l@usa.gov,Male,65.184.228.22
59,Willie,Miller,wmiller1m@dmoz.org,Male,84.73.34.104
60,Fred,Alexander,falexander1n@pbs.org,Male,102.21.103.241
61,Daniel,Wilson,dwilson1o@sciencedirect.com,Male,81.95.34.38
62,Ronald,Stephens,rstephens1p@businessweek.com,Male,13.223.37.171
63,Doris,Wagner,dwagner1q@addthis.com,Female,181.168.111.58
64,Arthur,Romero,aromero1r@lulu.com,Male,117.73.76.168
65,Daniel,Price,dprice1s@nih.gov,Male,74.120.138.159
66,Cheryl,Richards,crichards1t@booking.com,Female,199.133.231.5
67,Katherine,Thomas,kthomas1u@umich.edu,Female,179.226.84.213
68,Carol,Williams,cwilliams1v@angelfire.com,Female,216.45.37.232
69,Evelyn,Rodriguez,erodriguez1w@privacy.gov.au,Female,70.76.252.243
70,Maria,Cruz,mcruz1x@abc.net.au,Female,118.232.124.18
71,Helen,Peterson,hpeterson1y@go.com,Female,113.113.17.206
72,Kathy,Ford,kford1z@scientificamerican.com,Female,233.175.17.156
73,Ashley,Lynch,alynch20@mayoclinic.com,Female,160.140.55.79
74,Brenda,Vasquez,bvasquez21@unblog.fr,Female,253.156.62.23
75,Ralph,Garcia,rgarcia22@surveymonkey.com,Male,157.94.95.155
76,Pamela,Butler,pbutler23@ehow.com,Female,40.21.39.227
77,Steven,Montgomery,smontgomery24@photobucket.com,Male,2.140.10.82
78,Matthew,Reed,mreed25@xrea.com,Male,194.236.128.188
79,Julie,Harrison,jharrison26@discovery.com,Female,212.79.247.253
80,Jane,Warren,jwarren27@aol.com,Female,119.213.93.96
81,Jennifer,Snyder,jsnyder28@newyorker.com,Female,187.239.151.46
82,Edward,Rice,erice29@unicef.org,Male,66.152.248.77
83,David,Garrett,dgarrett2a@icq.com,Male,31.29.127.184
84,Ashley,Dunn,adunn2b@patch.com,Female,135.42.141.198
85,Alan,Greene,agreene2c@shinystat.com,Male,68.214.121.152
86,John,Hanson,jhanson2d@who.int,Male,165.154.31.42
87,Jeremy,Oliver,joliver2e@baidu.com,Male,116.109.73.216
88,Fred,Bailey,fbailey2f@freewebs.com,Male,208.8.95.197
89,Raymond,Rice,rrice2g@dmoz.org,Male,200.107.133.159
90,Joyce,Torres,jtorres2h@wix.com,Female,136.253.54.106
91,Antonio,Torres,atorres2i@merriam-webster.com,Male,146.49.25.144
92,Terry,Woods,twoods2j@theguardian.com,Male,44.188.245.152
93,Linda,Hunter,lhunter2k@tinypic.com,Female,133.81.158.157
94,Rose,Edwards,redwards2l@last.fm,Female,210.56.212.33
95,Christine,Mason,cmason2m@qq.com,Female,37.111.180.130
96,Julie,Owens,jowens2n@mapquest.com,Female,248.234.168.98
97,Albert,Jones,ajones2o@gov.uk,Male,232.74.236.160
98,Norma,Jacobs,njacobs2p@slashdot.org,Female,220.105.218.209
99,Chris,Carpenter,ccarpenter2q@digg.com,Male,29.207.187.155
100,Maria,Thompson,mthompson2r@php.net,Female,202.174.58.76
101,Patrick,Wright,pwright2s@oracle.com,Male,22.81.120.129
102,Rachel,Bradley,rbradley2t@kickstarter.com,Female,127.67.124.177
103,Norma,Jordan,njordan2u@reverbnation.com,Female,243.173.69.221
104,Ashley,Weaver,aweaver2v@multiply.com,Female,209.104.43.26
105,Jacqueline,Nelson,jnelson2w@sciencedaily.com,Female,188.26.248.159
106,Jessica,Fox,jfox2x@jiathis.com,Female,166.198.116.65
107,Anna,Russell,arussell2y@cargocollective.com,Female,216.44.143.170
108,Janet,Bishop,jbishop2z@drupal.org,Female,176.150.60.41
109,Wayne,Howell,whowell30@accuweather.com,Male,15.170.43.52
110,Harry,Gibson,hgibson31@msn.com,Male,252.87.156.6
111,Jane,Sullivan,jsullivan32@utexas.edu,Female,141.160.158.117
112,Sean,Wagner,swagner33@yellowpages.com,Male,50.197.14.253
113,Jessica,Smith,jsmith34@pen.io,Female,167.164.85.165
114,Brian,Crawford,bcrawford35@godaddy.com,Male,212.11.245.232
115,Louis,Cook,lcook36@delicious.com,Male,90.240.13.161
116,Irene,Johnson,ijohnson37@lulu.com,Female,141.253.229.81
117,Matthew,Howard,mhoward38@networksolutions.com,Male,45.168.130.113
118,Jonathan,Medina,jmedina39@oracle.com,Male,32.178.121.211
119,Annie,Ryan,aryan3a@usgs.gov,Female,212.254.37.8
120,Thomas,Harris,tharris3b@hatena.ne.jp,Male,160.214.228.155
121,Diane,Murphy,dmurphy3c@google.ru,Female,29.8.221.72
122,Ryan,Henderson,rhenderson3d@prlog.org,Male,44.74.14.35
123,Peter,Jones,pjones3e@fotki.com,Male,32.155.126.228
124,Janice,Knight,jknight3f@apache.org,Female,205.14.249.88
125,Theresa,Harris,tharris3g@engadget.com,Female,174.248.60.91
126,Todd,Perry,tperry3h@friendfeed.com,Male,3.18.123.177
127,Albert,Palmer,apalmer3i@instagram.com,Male,144.253.175.198
128,Andrew,Stewart,astewart3j@list-manage.com,Male,16.236.10.189
129,Melissa,Murphy,mmurphy3k@shareasale.com,Female,236.151.54.249
130,Sara,Johnson,sjohnson3l@telegraph.co.uk,Female,181.95.138.167
131,Beverly,Green,bgreen3m@acquirethisname.com,Female,181.10.222.79
132,Michael,Hudson,mhudson3n@mayoclinic.com,Male,83.28.222.115
133,Margaret,Ortiz,mortiz3o@goo.ne.jp,Female,154.53.11.193
134,Henry,Perez,hperez3p@census.gov,Male,226.78.152.148
135,Nicholas,Scott,nscott3q@nifty.com,Male,219.76.213.209
136,Andrea,Garrett,agarrett3r@networkadvertising.org,Female,195.222.253.23
137,Karen,Sims,ksims3s@blogger.com,Female,123.251.60.129
138,Adam,Cook,acook3t@artisteer.com,Male,136.217.246.233
139,Raymond,Johnson,rjohnson3u@columbia.edu,Male,197.54.190.201
140,Todd,Johnson,tjohnson3v@pcworld.com,Male,201.221.130.192
141,Jane,Wallace,jwallace3w@free.fr,Female,205.206.167.55
142,Jonathan,Allen,jallen3x@instagram.com,Male,236.21.165.54
143,Susan,Morales,smorales3y@prweb.com,Female,91.163.102.199
144,Joyce,Miller,jmiller3z@nih.gov,Female,209.76.183.68
145,Shawn,Rivera,srivera40@imgur.com,Male,162.138.0.157
146,Betty,Hanson,bhanson41@ibm.com,Female,239.37.166.145
147,Michael,Lynch,mlynch42@sbwire.com,Male,168.95.60.111
148,Kelly,Medina,kmedina43@vkontakte.ru,Female,193.227.254.219
149,Sean,Matthews,smatthews44@mayoclinic.com,Male,55.49.66.142
150,Robin,White,rwhite45@about.me,Female,169.124.84.187
151,Dorothy,Burns,dburns46@yandex.ru,Female,110.53.160.130
152,Deborah,Butler,dbutler47@bravesites.com,Female,224.254.229.236
153,Anna,Smith,asmith48@t.co,Female,181.254.82.7
154,Gerald,Miller,gmiller49@sfgate.com,Male,7.226.48.82
155,Sandra,Hunter,shunter4a@dailymotion.com,Female,172.47.1.45
156,Wayne,Johnson,wjohnson4b@trellian.com,Male,193.219.152.128
157,Irene,Butler,ibutler4c@wikipedia.org,Female,173.13.60.103
158,Jerry,Thompson,jthompson4d@csmonitor.com,Male,74.31.204.8
159,Benjamin,Thompson,bthompson4e@blogspot.com,Male,254.101.75.152
160,Peter,Stevens,pstevens4f@tiny.cc,Male,99.246.179.25
161,Clarence,Mcdonald,cmcdonald4g@simplemachines.org,Male,191.24.164.209
162,Kathleen,Hicks,khicks4h@umich.edu,Female,90.114.95.46
163,Philip,Bell,pbell4i@nydailynews.com,Male,119.204.185.81
164,Juan,Lewis,jlewis4j@usgs.gov,Male,217.93.10.150
165,James,Fernandez,jfernandez4k@symantec.com,Male,145.100.138.25
166,Nicole,Morris,nmorris4l@goodreads.com,Female,71.214.32.151
167,Robin,Chapman,rchapman4m@whitehouse.gov,Female,0.34.87.45
168,Randy,Meyer,rmeyer4n@merriam-webster.com,Male,177.89.188.152
169,Andrea,Gray,agray4o@biglobe.ne.jp,Female,89.66.35.148
170,Julia,Gonzales,jgonzales4p@senate.gov,Female,123.55.119.71
171,Bruce,Chavez,bchavez4q@liveinternet.ru,Male,143.129.3.2
172,Annie,Romero,aromero4r@irs.gov,Female,187.93.125.23
173,John,Kim,jkim4s@topsy.com,Male,25.115.218.71
174,Alice,Williamson,awilliamson4t@uol.com.br,Female,115.102.74.89
175,Nicole,Boyd,nboyd4u@histats.com,Female,188.251.222.169
176,Daniel,Garcia,dgarcia4v@chicagotribune.com,Male,11.46.79.204
177,Frank,Anderson,fanderson4w@ucsd.edu,Male,2.207.251.202
178,Gerald,Grant,ggrant4x@seattletimes.com,Male,198.139.104.7
179,Ashley,Myers,amyers4y@creativecommons.org,Female,172.106.240.212
180,Clarence,Collins,ccollins4z@macromedia.com,Male,180.167.238.113
181,Carl,Stanley,cstanley50@hostgator.com,Male,203.218.167.102
182,Ryan,Dean,rdean51@narod.ru,Male,4.40.64.233
183,Theresa,Gray,tgray52@mapy.cz,Female,23.202.191.27
184,Roy,Myers,rmyers53@deliciousdays.com,Male,222.19.198.203
185,Tammy,Castillo,tcastillo54@wordpress.org,Female,192.14.181.69
186,Nicholas,Ross,nross55@php.net,Male,19.213.167.24
187,Diane,Jacobs,djacobs56@forbes.com,Female,5.46.69.29
188,Shawn,Thomas,sthomas57@buzzfeed.com,Male,106.136.148.121
189,Alan,Wood,awood58@163.com,Male,230.47.10.233
190,Annie,Turner,aturner59@zdnet.com,Female,100.205.228.59
191,Clarence,Richards,crichards5a@addtoany.com,Male,144.25.105.168
192,Elizabeth,Mendoza,emendoza5b@cisco.com,Female,184.58.211.228
193,Norma,Little,nlittle5c@usatoday.com,Female,5.95.207.110
194,Virginia,Hughes,vhughes5d@dion.ne.jp,Female,199.115.193.48
195,Philip,Coleman,pcoleman5e@wix.com,Male,131.190.123.138
196,Fred,Griffin,fgriffin5f@smugmug.com,Male,233.98.148.43
197,Linda,Hamilton,lhamilton5g@wp.com,Female,213.8.111.59
198,Evelyn,Williamson,ewilliamson5h@clickbank.net,Female,68.76.216.101
199,Janet,Gonzalez,jgonzalez5i@economist.com,Female,239.255.93.13
200,Donald,Carroll,dcarroll5j@fema.gov,Male,244.211.68.198
201,Kevin,Reid,kreid5k@gizmodo.com,Male,115.104.2.83
202,Theresa,Cox,tcox5l@hugedomains.com,Female,97.172.105.20
203,Eric,Sanchez,esanchez5m@walmart.com,Male,255.71.172.142
204,Fred,Hall,fhall5n@networkadvertising.org,Male,148.222.201.60
205,Rachel,Carr,rcarr5o@apple.com,Female,102.189.71.167
206,Theresa,Owens,towens5p@blogs.com,Female,97.14.235.113
207,Thomas,Harper,tharper5q@bloglines.com,Male,180.230.95.122
208,Doris,Frazier,dfrazier5r@sfgate.com,Female,204.77.18.205
209,Lillian,Castillo,lcastillo5s@forbes.com,Female,163.26.114.29
210,Robert,Thomas,rthomas5t@lycos.com,Male,61.55.103.23
211,Juan,Stephens,jstephens5u@latimes.com,Male,139.176.68.58
212,Rebecca,Cole,rcole5v@twitpic.com,Female,65.220.184.195
213,Anne,Green,agreen5w@patch.com,Female,245.187.159.147
214,Laura,Day,lday5x@who.int,Female,94.168.224.23
215,Victor,Ray,vray5y@imdb.com,Male,63.187.78.243
216,Arthur,Jacobs,ajacobs5z@deliciousdays.com,Male,14.125.158.106
217,Anna,Roberts,aroberts60@tinyurl.com,Female,214.25.231.238
218,Jonathan,Arnold,jarnold61@fotki.com,Male,169.108.248.143
219,Daniel,Dunn,ddunn62@craigslist.org,Male,108.78.2.9
220,Edward,Willis,ewillis63@comsenz.com,Male,39.96.61.125
221,David,Wallace,dwallace64@imgur.com,Male,165.50.221.240
222,Pamela,Boyd,pboyd65@google.com.hk,Female,238.251.63.195
223,Jose,Carr,jcarr66@cbsnews.com,Male,0.103.50.107
224,Philip,James,pjames67@netvibes.com,Male,148.43.241.32
225,Jane,Gutierrez,jgutierrez68@psu.edu,Female,7.200.205.86
226,Amanda,Banks,abanks69@tamu.edu,Female,62.169.103.197
227,Margaret,Sanders,msanders6a@drupal.org,Female,150.155.97.187
228,Clarence,Ross,cross6b@miibeian.gov.cn,Male,204.168.175.221
229,Chris,Shaw,cshaw6c@hud.gov,Male,131.182.29.183
230,Marie,Kelly,mkelly6d@dedecms.com,Female,212.234.190.133
231,Ryan,Williams,rwilliams6e@businessweek.com,Male,166.233.161.97
232,Lisa,Henry,lhenry6f@google.com.hk,Female,230.113.182.226
233,Joyce,Carr,jcarr6g@fastcompany.com,Female,59.22.71.248
234,Judith,Davis,jdavis6h@sbwire.com,Female,210.206.51.79
235,Nicole,Franklin,nfranklin6i@nymag.com,Female,241.120.124.3
236,Karen,Turner,kturner6j@marketwatch.com,Female,126.128.123.2
237,Johnny,Reynolds,jreynolds6k@seesaa.net,Male,82.243.47.113
238,Anna,Lane,alane6l@cdc.gov,Female,166.98.94.107
239,Frances,Hill,fhill6m@dropbox.com,Female,153.113.203.248
240,Wanda,Hicks,whicks6n@networksolutions.com,Female,184.179.13.104
241,Emily,Mcdonald,emcdonald6o@e-recht24.de,Female,168.42.28.222
242,Bonnie,Rogers,brogers6p@foxnews.com,Female,114.87.209.129
243,Alan,Medina,amedina6q@w3.org,Male,170.11.91.11
244,Daniel,Ferguson,dferguson6r@cnet.com,Male,83.68.61.38
245,Stephen,Kelly,skelly6s@exblog.jp,Male,108.173.131.172
246,Andrea,Hughes,ahughes6t@trellian.com,Female,122.158.213.135
247,Ruby,Dunn,rdunn6u@etsy.com,Female,31.94.6.250
248,Keith,Elliott,kelliott6v@miitbeian.gov.cn,Male,49.178.75.12
249,Katherine,Johnston,kjohnston6w@netscape.com,Female,101.192.206.24
250,Tina,Simpson,tsimpson6x@goodreads.com,Female,237.66.254.204
251,Nicole,Nelson,nnelson6y@cbsnews.com,Female,78.108.65.169
252,Katherine,Rogers,krogers6z@sun.com,Female,83.59.127.214
253,Alan,Wheeler,awheeler70@illinois.edu,Male,73.37.232.153
254,Ryan,Adams,radams71@jalbum.net,Male,218.246.51.177
255,Johnny,Ruiz,jruiz72@cnbc.com,Male,148.239.66.241
256,Frank,Hunter,fhunter73@miibeian.gov.cn,Male,184.18.172.164
257,Timothy,Gordon,tgordon74@ning.com,Male,119.64.246.159
258,Lawrence,Anderson,landerson75@theatlantic.com,Male,18.181.163.218
259,William,Rogers,wrogers76@facebook.com,Male,237.59.135.227
260,Steven,Webb,swebb77@example.com,Male,178.118.76.123
261,Wayne,Alexander,walexander78@soup.io,Male,4.243.184.91
262,Antonio,Powell,apowell79@theglobeandmail.com,Male,205.53.178.85
263,Martha,Long,mlong7a@blog.com,Female,119.165.10.61
264,Kathy,Rodriguez,krodriguez7b@geocities.com,Female,157.171.138.218
265,Sharon,Morrison,smorrison7c@samsung.com,Female,195.171.98.64
266,Phyllis,Pierce,ppierce7d@slashdot.org,Female,84.39.33.87
267,Charles,Snyder,csnyder7e@twitpic.com,Male,76.42.43.248
268,Emily,Simpson,esimpson7f@slashdot.org,Female,96.49.148.99
269,Jennifer,Murphy,jmurphy7g@marriott.com,Female,195.203.147.23
270,Judy,Ward,jward7h@bigcartel.com,Female,156.34.117.90
271,Nancy,Ford,nford7i@soundcloud.com,Female,219.15.197.135
272,Shirley,Schmidt,sschmidt7j@geocities.jp,Female,27.62.108.19
273,Christina,Fowler,cfowler7k@smugmug.com,Female,70.204.119.250
274,Jimmy,Snyder,jsnyder7l@flickr.com,Male,32.50.50.154
275,Teresa,Graham,tgraham7m@ftc.gov,Female,138.149.56.80
276,Brandon,Wallace,bwallace7n@usda.gov,Male,205.248.109.140
277,Stephanie,Simmons,ssimmons7o@timesonline.co.uk,Female,113.14.61.37
278,Jesse,Vasquez,jvasquez7p@studiopress.com,Male,101.26.10.148
279,Virginia,Bryant,vbryant7q@w3.org,Female,10.64.11.85
280,Louis,Stevens,lstevens7r@cornell.edu,Male,232.166.20.119
281,Fred,Hudson,fhudson7s@com.com,Male,91.181.84.248
282,Linda,Thomas,lthomas7t@whitehouse.gov,Female,101.101.155.67
283,Matthew,Kennedy,mkennedy7u@dell.com,Male,24.110.117.5
284,Jennifer,Ward,jward7v@dropbox.com,Female,43.65.91.242
285,Andrew,Scott,ascott7w@cornell.edu,Male,206.245.113.171
286,Robin,Campbell,rcampbell7x@gizmodo.com,Female,78.12.97.36
287,Billy,Elliott,belliott7y@toplist.cz,Male,251.48.157.134
288,Judith,Jordan,jjordan7z@reference.com,Female,119.70.241.102
289,Anna,Young,ayoung80@xrea.com,Female,12.205.122.3
290,Alan,Andrews,aandrews81@ameblo.jp,Male,62.41.149.74
291,Steve,Carter,scarter82@ezinearticles.com,Male,159.200.114.219
292,Denise,Weaver,dweaver83@rakuten.co.jp,Female,247.15.53.84
293,Craig,Vasquez,cvasquez84@blinklist.com,Male,217.0.146.101
294,Martin,Jacobs,mjacobs85@washingtonpost.com,Male,174.219.140.129
295,Ruby,Morrison,rmorrison86@cyberchimps.com,Female,198.115.79.97
296,Christina,Dixon,cdixon87@dropbox.com,Female,80.81.81.17
297,Jeremy,Webb,jwebb88@sciencedirect.com,Male,149.201.125.234
298,Nicholas,Austin,naustin89@qq.com,Male,9.204.208.99
299,Cheryl,Stewart,cstewart8a@netscape.com,Female,253.41.169.139
300,Steven,Moreno,smoreno8b@google.com.hk,Male,120.7.115.53
301,Laura,Jones,ljones8c@bigcartel.com,Female,195.234.126.211
302,Doris,Robinson,drobinson8d@tmall.com,Female,127.102.12.73
303,Donald,Morales,dmorales8e@macromedia.com,Male,48.167.29.136
304,Edward,Fox,efox8f@ca.gov,Male,100.121.189.99
305,Anne,Lopez,alopez8g@slate.com,Female,203.74.144.128
306,Annie,Peterson,apeterson8h@scribd.com,Female,219.148.33.232
307,Paula,Lee,plee8i@house.gov,Female,250.58.66.57
308,Wayne,Morales,wmorales8j@prnewswire.com,Male,85.244.24.213
309,Joseph,Bishop,jbishop8k@unicef.org,Male,8.145.184.63
310,Aaron,Kelley,akelley8l@dailymotion.com,Male,215.21.144.179
311,Timothy,Mills,tmills8m@parallels.com,Male,36.77.254.182
312,Willie,Myers,wmyers8n@weather.com,Male,125.133.116.199
313,Bruce,Lynch,blynch8o@fastcompany.com,Male,133.93.74.130
314,Angela,Chavez,achavez8p@nhs.uk,Female,220.116.89.88
315,Eric,Cole,ecole8q@parallels.com,Male,144.238.90.101
316,Anthony,Gonzalez,agonzalez8r@alibaba.com,Male,100.113.198.60
317,Jessica,Montgomery,jmontgomery8s@auda.org.au,Female,205.96.160.83
318,Matthew,Taylor,mtaylor8t@oaic.gov.au,Male,78.228.94.153
319,Jean,Torres,jtorres8u@blog.com,Female,61.168.189.242
320,Brandon,Gray,bgray8v@nydailynews.com,Male,190.127.64.187
321,Kathleen,Sanders,ksanders8w@wix.com,Female,101.108.13.79
322,Linda,Gonzalez,lgonzalez8x@dailymail.co.uk,Female,26.196.37.44
323,Douglas,Turner,dturner8y@addthis.com,Male,241.238.168.240
324,Russell,Boyd,rboyd8z@technorati.com,Male,54.247.232.14
325,Anthony,Willis,awillis90@nifty.com,Male,250.38.21.121
326,Barbara,Taylor,btaylor91@businesswire.com,Female,44.250.229.178
327,Larry,Pierce,lpierce92@yahoo.com,Male,238.84.223.76
328,Steven,Dixon,sdixon93@mediafire.com,Male,75.91.116.138
329,Catherine,Foster,cfoster94@foxnews.com,Female,186.121.87.155
330,Janice,Howell,jhowell95@ifeng.com,Female,159.229.250.133
331,Martha,Morales,mmorales96@ocn.ne.jp,Female,131.32.64.80
332,Deborah,Burke,dburke97@biglobe.ne.jp,Female,84.3.109.161
333,Brian,Morris,bmorris98@apple.com,Male,26.168.105.38
334,Albert,Butler,abutler99@google.pl,Male,228.98.242.86
335,Lawrence,Cox,lcox9a@icio.us,Male,8.204.209.33
336,Clarence,Garcia,cgarcia9b@simplemachines.org,Male,174.47.196.49
337,Patricia,Ryan,pryan9c@latimes.com,Female,7.55.143.48
338,Betty,George,bgeorge9d@imgur.com,Female,2.69.22.246
339,Michelle,Ramos,mramos9e@foxnews.com,Female,55.214.182.26
340,Pamela,Daniels,pdaniels9f@nymag.com,Female,87.40.181.4
341,Sarah,Castillo,scastillo9g@infoseek.co.jp,Female,109.162.109.63
342,Walter,Mitchell,wmitchell9h@umich.edu,Male,151.157.157.62
343,Janice,Arnold,jarnold9i@ft.com,Female,115.74.185.94
344,Heather,Hill,hhill9j@businessinsider.com,Female,131.237.94.239
345,Russell,Black,rblack9k@washington.edu,Male,108.241.56.20
346,Martin,Fernandez,mfernandez9l@discovery.com,Male,210.165.132.183
347,Marie,Payne,mpayne9m@smugmug.com,Female,96.166.136.169
348,Thomas,Diaz,tdiaz9n@360.cn,Male,208.255.193.63
349,Louis,Hunt,lhunt9o@ft.com,Male,4.12.138.97
350,Johnny,Butler,jbutler9p@paginegialle.it,Male,120.47.227.147
351,Rose,Howard,rhoward9q@telegraph.co.uk,Female,174.92.151.123
352,Kelly,Marshall,kmarshall9r@who.int,Female,242.210.210.156
353,Katherine,Gilbert,kgilbert9s@woothemes.com,Female,67.4.191.242
354,Howard,Black,hblack9t@cam.ac.uk,Male,96.183.87.231
355,Ashley,Parker,aparker9u@hao123.com,Female,50.134.95.223
356,Stephen,Hicks,shicks9v@issuu.com,Male,20.48.217.36
357,Stephen,Reed,sreed9w@deliciousdays.com,Male,227.11.184.107
358,Jose,Medina,jmedina9x@businesswire.com,Male,16.201.254.207
359,Philip,Mitchell,pmitchell9y@seattletimes.com,Male,211.116.233.65
360,Jacqueline,Wagner,jwagner9z@aboutads.info,Female,102.218.63.29
361,Richard,Crawford,rcrawforda0@skyrock.com,Male,133.4.114.198
362,Janice,Medina,jmedinaa1@liveinternet.ru,Female,189.139.122.181
363,Angela,Larson,alarsona2@chronoengine.com,Female,148.182.83.131
364,Douglas,Woods,dwoodsa3@thetimes.co.uk,Male,120.53.108.1
365,Tina,Fuller,tfullera4@oaic.gov.au,Female,221.137.150.238
366,Tammy,Wheeler,twheelera5@mit.edu,Female,2.15.5.111
367,Todd,Roberts,trobertsa6@dyndns.org,Male,11.18.126.237
368,Katherine,Rose,krosea7@weather.com,Female,253.36.53.10
369,Kathleen,Gonzales,kgonzalesa8@yolasite.com,Female,6.187.85.82
370,Robin,Stone,rstonea9@prweb.com,Female,57.171.47.204
371,Alice,Nguyen,anguyenaa@kickstarter.com,Female,125.143.143.28
372,Fred,Gomez,fgomezab@liveinternet.ru,Male,9.3.243.198
373,Linda,Martin,lmartinac@cocolog-nifty.com,Female,4.15.36.39
374,Kimberly,Henderson,khendersonad@csmonitor.com,Female,60.82.91.99
375,Ruby,Robinson,rrobinsonae@hubpages.com,Female,141.181.170.131
376,Donna,Cruz,dcruzaf@rakuten.co.jp,Female,248.101.17.41
377,Samuel,Lynch,slynchag@about.me,Male,117.68.126.99
378,Norma,Olson,nolsonah@hc360.com,Female,134.51.19.232
379,Beverly,Ray,brayai@eepurl.com,Female,6.96.239.195
380,Phyllis,Hunt,phuntaj@themeforest.net,Female,53.60.162.16
381,Larry,Kennedy,lkennedyak@google.nl,Male,211.170.226.175
382,Beverly,Ward,bwardal@360.cn,Female,211.251.30.161
383,Shirley,Richardson,srichardsonam@tuttocitta.it,Female,79.174.131.167
384,Dennis,Grant,dgrantan@sohu.com,Male,38.99.19.142
385,Martin,Warren,mwarrenao@liveinternet.ru,Male,7.84.181.4
386,Rebecca,Nelson,rnelsonap@rediff.com,Female,149.53.162.186
387,George,Gonzales,ggonzalesaq@quantcast.com,Male,62.84.157.28
388,Nancy,Hicks,nhicksar@whitehouse.gov,Female,180.65.235.88
389,Carol,West,cwestas@example.com,Female,203.77.121.31
390,Philip,Nguyen,pnguyenat@com.com,Male,243.211.40.249
391,Catherine,Nguyen,cnguyenau@instagram.com,Female,192.228.46.138
392,Kathy,Payne,kpayneav@cnn.com,Female,244.208.50.129
393,Ralph,Oliver,roliveraw@blogger.com,Male,217.159.225.101
394,Billy,Ford,bfordax@altervista.org,Male,138.4.102.114
395,Ashley,Marshall,amarshallay@vistaprint.com,Female,239.33.120.207
396,Kathryn,Palmer,kpalmeraz@rambler.ru,Female,186.157.251.244
397,Jessica,Daniels,jdanielsb0@google.de,Female,255.178.138.218
398,Tammy,Coleman,tcolemanb1@google.com.au,Female,179.201.116.220
399,Aaron,Patterson,apattersonb2@mac.com,Male,17.36.207.10
400,Todd,Flores,tfloresb3@adobe.com,Male,129.83.65.9
401,Kathleen,Martinez,kmartinezb4@t-online.de,Female,59.6.156.229
402,Justin,Robertson,jrobertsonb5@livejournal.com,Male,102.174.73.87
403,Harold,Adams,hadamsb6@omniture.com,Male,118.15.160.234
404,Julie,Sanders,jsandersb7@wordpress.org,Female,0.28.71.7
405,Jonathan,Schmidt,jschmidtb8@nih.gov,Male,2.210.79.45
406,Lisa,Rice,lriceb9@ycombinator.com,Female,64.76.89.18
407,Lisa,Jones,ljonesba@nhs.uk,Female,224.106.2.245
408,Amy,Garcia,agarciabb@ox.ac.uk,Female,113.202.181.50
409,Douglas,George,dgeorgebc@hp.com,Male,154.81.26.40
410,Andrea,Phillips,aphillipsbd@hp.com,Female,246.196.71.216
411,Diana,Gilbert,dgilbertbe@opera.com,Female,44.133.53.86
412,Annie,West,awestbf@sitemeter.com,Female,226.235.115.235
413,George,Gibson,ggibsonbg@booking.com,Male,16.5.20.68
414,Tina,Duncan,tduncanbh@mit.edu,Female,139.124.246.174
415,Dennis,Simpson,dsimpsonbi@reuters.com,Male,77.24.77.151
416,Louis,Warren,lwarrenbj@narod.ru,Male,146.129.161.92
417,Jennifer,Carpenter,jcarpenterbk@npr.org,Female,234.13.171.199
418,Irene,Carroll,icarrollbl@oaic.gov.au,Female,189.47.59.162
419,Carol,Ford,cfordbm@liveinternet.ru,Female,156.190.140.237
420,Jessica,Grant,jgrantbn@xinhuanet.com,Female,235.45.78.234
421,Johnny,Gray,jgraybo@rediff.com,Male,97.162.210.52
422,Teresa,Ortiz,tortizbp@columbia.edu,Female,37.231.159.169
423,Alice,Mendoza,amendozabq@seesaa.net,Female,20.53.69.44
424,Peter,Alvarez,palvarezbr@ftc.gov,Male,92.124.81.186
425,Ronald,Elliott,relliottbs@so-net.ne.jp,Male,162.183.189.125
426,Raymond,Kelley,rkelleybt@mlb.com,Male,133.211.87.234
427,Paul,Hamilton,phamiltonbu@hugedomains.com,Male,21.60.164.196
428,Joan,Price,jpricebv@privacy.gov.au,Female,78.91.43.169
429,Katherine,Pierce,kpiercebw@behance.net,Female,136.64.31.214
430,Russell,Owens,rowensbx@mozilla.com,Male,236.54.61.225
431,Christina,Wagner,cwagnerby@examiner.com,Female,146.58.152.163
432,Jack,Garza,jgarzabz@booking.com,Male,121.10.200.72
433,Anne,Morris,amorrisc0@arizona.edu,Female,113.128.61.201
434,Christopher,Washington,cwashingtonc1@dailymotion.com,Male,97.3.53.40
435,Anne,Freeman,afreemanc2@zimbio.com,Female,211.62.34.192
436,Nicole,Rodriguez,nrodriguezc3@freewebs.com,Female,81.233.232.103
437,Alice,Ramirez,aramirezc4@loc.gov,Female,79.40.20.237
438,Donald,Anderson,dandersonc5@infoseek.co.jp,Male,131.46.117.5
439,Emily,Greene,egreenec6@reference.com,Female,50.93.213.151
440,Eugene,Cole,ecolec7@blogtalkradio.com,Male,128.30.241.233
441,Beverly,Austin,baustinc8@mlb.com,Female,124.180.224.145
442,Jose,Hernandez,jhernandezc9@google.com.au,Male,33.120.36.220
443,Howard,Oliver,holiverca@narod.ru,Male,65.226.119.95
444,Edward,Schmidt,eschmidtcb@goodreads.com,Male,91.146.55.171
445,Catherine,Rivera,criveracc@livejournal.com,Female,200.179.19.53
446,Gerald,Mccoy,gmccoycd@tamu.edu,Male,245.252.93.238
447,Brandon,Burton,bburtonce@wikipedia.org,Male,187.81.42.11
448,Evelyn,Murphy,emurphycf@paypal.com,Female,132.71.19.200
449,Rachel,Morgan,rmorgancg@parallels.com,Female,130.206.161.140
450,Gerald,Wagner,gwagnerch@ca.gov,Male,15.132.140.16
451,Larry,Murray,lmurrayci@etsy.com,Male,144.212.99.188
452,Randy,Powell,rpowellcj@fema.gov,Male,46.243.138.201
453,Lisa,Morales,lmoralesck@liveinternet.ru,Female,168.147.200.74
454,Sharon,Ray,sraycl@godaddy.com,Female,248.65.221.199
455,Martha,Olson,molsoncm@fema.gov,Female,26.50.214.128
456,Frances,Gomez,fgomezcn@angelfire.com,Female,180.134.50.19
457,Gerald,Hunter,ghunterco@twitpic.com,Male,23.15.99.65
458,Andrea,Harvey,aharveycp@tumblr.com,Female,243.56.102.40
459,Jessica,Meyer,jmeyercq@smh.com.au,Female,84.219.36.100
460,Charles,Nelson,cnelsoncr@list-manage.com,Male,246.142.119.69
461,Michael,Morgan,mmorgancs@sciencedaily.com,Male,219.120.63.82
462,Joyce,Johnson,jjohnsonct@psu.edu,Female,56.200.103.46
463,Jessica,Hicks,jhickscu@storify.com,Female,36.114.124.107
464,Larry,Schmidt,lschmidtcv@jimdo.com,Male,44.204.152.96
465,Alice,Powell,apowellcw@macromedia.com,Female,67.203.205.183
466,Marilyn,Foster,mfostercx@cafepress.com,Female,130.132.63.169
467,Joe,Olson,jolsoncy@de.vu,Male,172.38.170.196
468,Denise,Graham,dgrahamcz@latimes.com,Female,83.156.219.132
469,Irene,Cooper,icooperd0@freewebs.com,Female,162.186.20.20
470,Arthur,Payne,apayned1@ehow.com,Male,86.146.44.243
471,Nancy,Scott,nscottd2@stanford.edu,Female,253.182.58.242
472,Anna,Watson,awatsond3@bloomberg.com,Female,58.227.117.225
473,Christina,Scott,cscottd4@prnewswire.com,Female,12.132.24.177
474,Mark,West,mwestd5@usa.gov,Male,8.104.103.61
475,Norma,Kelly,nkellyd6@toplist.cz,Female,46.137.93.77
476,Mark,Lynch,mlynchd7@washington.edu,Male,189.117.172.68
477,Harry,Mcdonald,hmcdonaldd8@answers.com,Male,121.77.76.118
478,Willie,Thomas,wthomasd9@indiegogo.com,Male,24.58.39.227
479,Deborah,Adams,dadamsda@wordpress.com,Female,209.12.234.145
480,Shirley,Hunter,shunterdb@harvard.edu,Female,176.62.42.29
481,Tammy,Gonzalez,tgonzalezdc@typepad.com,Female,141.89.32.226
482,Edward,Elliott,eelliottdd@howstuffworks.com,Male,147.145.253.66
483,Sharon,Greene,sgreenede@ezinearticles.com,Female,93.194.52.79
484,Heather,Bryant,hbryantdf@shop-pro.jp,Female,224.121.194.136
485,Jeffrey,Nguyen,jnguyendg@mashable.com,Male,103.47.170.200
486,Billy,Dunn,bdunndh@sciencedirect.com,Male,154.202.188.50
487,Linda,Garza,lgarzadi@marriott.com,Female,82.83.99.83
488,Anne,Nichols,anicholsdj@thetimes.co.uk,Female,88.11.125.137
489,Tammy,Gonzalez,tgonzalezdk@zdnet.com,Female,146.127.62.216
490,Albert,Montgomery,amontgomerydl@mtv.com,Male,63.110.132.179
491,Chris,Sims,csimsdm@cpanel.net,Male,160.61.100.180
492,Steve,Burns,sburnsdn@ovh.net,Male,145.167.132.149
493,Dorothy,Barnes,dbarnesdo@wiley.com,Female,2.142.16.225
494,Jason,Hunt,jhuntdp@cdc.gov,Male,172.234.31.186
495,Sean,Gordon,sgordondq@booking.com,Male,254.195.177.146
496,Scott,Lopez,slopezdr@google.com,Male,162.85.100.151
497,Sandra,Willis,swillisds@vk.com,Female,23.88.140.57
498,Justin,Little,jlittledt@blog.com,Male,194.96.235.178
499,Harry,Gibson,hgibsondu@exblog.jp,Male,60.225.60.165
500,Marilyn,West,mwestdv@tamu.edu,Female,176.127.85.254
501,Lori,Rogers,lrogersdw@hubpages.com,Female,37.114.124.218
502,Cynthia,Richards,crichardsdx@latimes.com,Female,36.251.2.125
503,Ann,Henderson,ahendersondy@flavors.me,Female,196.231.138.134
504,Fred,Young,fyoungdz@yandex.ru,Male,35.71.90.236
505,Larry,Wheeler,lwheelere0@de.vu,Male,86.255.100.193
506,Kathleen,Bennett,kbennette1@joomla.org,Female,3.119.133.153
507,Deborah,White,dwhitee2@auda.org.au,Female,73.131.43.125
508,Samuel,Garcia,sgarciae3@miitbeian.gov.cn,Male,23.8.208.253
509,Amanda,Scott,ascotte4@printfriendly.com,Female,102.44.8.132
510,Jonathan,Wood,jwoode5@foxnews.com,Male,254.236.189.26
511,Todd,Flores,tflorese6@livejournal.com,Male,193.255.202.68
512,Teresa,Shaw,tshawe7@alibaba.com,Female,223.204.95.218
513,Doris,Alvarez,dalvareze8@si.edu,Female,85.153.207.89
514,Marilyn,Gilbert,mgilberte9@fotki.com,Female,209.178.30.99
515,Kathryn,Lane,klaneea@360.cn,Female,188.223.47.97
516,Norma,Reid,nreideb@exblog.jp,Female,70.187.183.147
517,Daniel,Schmidt,dschmidtec@wired.com,Male,247.139.152.209
518,Douglas,Russell,drusselled@gizmodo.com,Male,169.27.15.185
519,Kathryn,Harvey,kharveyee@businessinsider.com,Female,29.118.88.114
520,Patrick,Jordan,pjordanef@sbwire.com,Male,212.146.2.24
521,Brenda,Torres,btorreseg@addthis.com,Female,70.156.155.157
522,Anthony,Johnson,ajohnsoneh@xrea.com,Male,212.233.228.5
523,Bruce,Washington,bwashingtonei@washingtonpost.com,Male,233.74.255.11
524,John,Allen,jallenej@sohu.com,Male,11.216.240.96
525,Justin,Snyder,jsnyderek@blinklist.com,Male,246.149.99.171
526,Roy,Long,rlongel@aol.com,Male,211.69.222.193
527,Jesse,Black,jblackem@toplist.cz,Male,177.17.2.134
528,Tammy,Jones,tjonesen@opensource.org,Female,200.33.88.188
529,Gary,Watkins,gwatkinseo@posterous.com,Male,192.213.194.223
530,Steve,Scott,sscottep@wired.com,Male,134.214.240.244
531,Donna,Reynolds,dreynoldseq@amazon.com,Female,234.79.56.236
532,Robin,Adams,radamser@time.com,Female,135.134.50.0
533,Arthur,Mitchell,amitchelles@telegraph.co.uk,Male,70.97.56.96
534,Thomas,Palmer,tpalmeret@php.net,Male,29.232.42.205
535,Katherine,Ryan,kryaneu@europa.eu,Female,34.114.185.247
536,Margaret,Long,mlongev@lycos.com,Female,79.209.164.234
537,Patricia,Gardner,pgardnerew@networksolutions.com,Female,14.118.130.10
538,Karen,Gonzalez,kgonzalezex@over-blog.com,Female,144.90.187.4
539,Teresa,Elliott,telliottey@google.cn,Female,128.141.89.247
540,Patricia,Webb,pwebbez@wisc.edu,Female,37.44.140.240
541,Angela,Sanchez,asanchezf0@blogspot.com,Female,175.103.106.234
542,Maria,Carter,mcarterf1@tripadvisor.com,Female,172.47.131.12
543,Steve,Harrison,sharrisonf2@amazon.de,Male,119.110.166.243
544,Doris,Medina,dmedinaf3@ow.ly,Female,56.216.53.35
545,Wayne,Hansen,whansenf4@flavors.me,Male,186.163.200.65
546,Albert,Diaz,adiazf5@state.tx.us,Male,63.219.155.23
547,Wanda,Owens,wowensf6@mayoclinic.com,Female,34.42.62.33
548,Joan,Peterson,jpetersonf7@ebay.com,Female,239.11.23.39
549,Eugene,Roberts,erobertsf8@theatlantic.com,Male,251.47.157.139
550,Paula,Collins,pcollinsf9@discuz.net,Female,10.173.164.175
551,Kathryn,Lee,kleefa@mail.ru,Female,195.201.191.174
552,Catherine,Butler,cbutlerfb@bluehost.com,Female,4.67.25.192
553,Carolyn,Watson,cwatsonfc@github.com,Female,202.178.191.36
554,Patrick,Reyes,preyesfd@artisteer.com,Male,120.175.192.40
555,Ashley,Spencer,aspencerfe@fotki.com,Female,214.0.118.10
556,Howard,Simpson,hsimpsonff@sogou.com,Male,54.253.89.86
557,Laura,Jordan,ljordanfg@51.la,Female,13.75.104.149
558,Justin,Price,jpricefh@hp.com,Male,4.162.227.174
559,Gregory,Jackson,gjacksonfi@altervista.org,Male,223.213.57.109
560,Jean,Welch,jwelchfj@sun.com,Female,36.189.108.33
561,Bruce,Young,byoungfk@cpanel.net,Male,162.49.5.122
562,Richard,Riley,rrileyfl@blogspot.com,Male,69.193.25.157
563,Howard,Fields,hfieldsfm@uol.com.br,Male,68.149.133.77
564,David,Watson,dwatsonfn@answers.com,Male,162.29.171.149
565,Diana,Hughes,dhughesfo@google.fr,Female,122.221.246.224
566,Catherine,Hamilton,chamiltonfp@shop-pro.jp,Female,32.94.165.127
567,Patricia,Allen,pallenfq@jalbum.net,Female,242.27.189.162
568,Catherine,Watson,cwatsonfr@ameblo.jp,Female,55.192.167.3
569,Edward,Taylor,etaylorfs@com.com,Male,227.117.87.105
570,Todd,Jones,tjonesft@themeforest.net,Male,118.230.251.55
571,Jeffrey,Mitchell,jmitchellfu@usnews.com,Male,218.209.151.178
572,Marilyn,Wagner,mwagnerfv@ow.ly,Female,113.29.175.219
573,Raymond,Butler,rbutlerfw@meetup.com,Male,66.162.236.111
574,Douglas,King,dkingfx@answers.com,Male,234.126.8.27
575,Roy,Watkins,rwatkinsfy@mediafire.com,Male,58.247.52.61
576,Phillip,Reid,preidfz@foxnews.com,Male,182.194.34.149
577,Norma,Grant,ngrantg0@bandcamp.com,Female,121.44.39.200
578,Samuel,Kelly,skellyg1@shareasale.com,Male,230.203.170.0
579,Kathleen,Bailey,kbaileyg2@columbia.edu,Female,129.21.198.170
580,Denise,Lopez,dlopezg3@amazon.com,Female,236.241.134.145
581,Phyllis,Tucker,ptuckerg4@loc.gov,Female,46.229.245.72
582,Teresa,Mills,tmillsg5@printfriendly.com,Female,225.98.213.219
583,Shawn,Lawrence,slawrenceg6@weebly.com,Male,184.164.156.82
584,Richard,Rodriguez,rrodriguezg7@walmart.com,Male,92.139.228.131
585,Jerry,Green,jgreeng8@arstechnica.com,Male,42.152.102.147
586,Willie,Nguyen,wnguyeng9@blinklist.com,Male,112.23.198.136
587,Martin,Castillo,mcastilloga@wsj.com,Male,90.159.76.225
588,Shawn,Wright,swrightgb@sohu.com,Male,234.181.153.250
589,Rachel,Evans,revansgc@aboutads.info,Female,84.185.90.73
590,Howard,Patterson,hpattersongd@bigcartel.com,Male,168.156.29.104
591,Todd,Freeman,tfreemange@jigsy.com,Male,238.204.219.82
592,Lillian,Powell,lpowellgf@diigo.com,Female,38.174.134.115
593,Thomas,Wright,twrightgg@e-recht24.de,Male,37.119.73.231
594,Gregory,Walker,gwalkergh@digg.com,Male,9.170.227.22
595,Charles,Bradley,cbradleygi@t.co,Male,61.107.21.169
596,Edward,Campbell,ecampbellgj@360.cn,Male,15.205.221.248
597,Brandon,Cooper,bcoopergk@pcworld.com,Male,156.187.203.2
598,Joyce,Coleman,jcolemangl@telegraph.co.uk,Female,156.100.14.184
599,Susan,Willis,swillisgm@harvard.edu,Female,183.227.224.146
600,Russell,Wallace,rwallacegn@businesswire.com,Male,117.122.100.87
601,Norma,Hansen,nhansengo@dropbox.com,Female,254.174.55.55
602,Gregory,Morales,gmoralesgp@istockphoto.com,Male,130.5.163.187
603,Lois,Harris,lharrisgq@bandcamp.com,Female,109.51.167.157
604,Rachel,Oliver,rolivergr@jigsy.com,Female,225.207.208.77
605,Frank,Ellis,fellisgs@tumblr.com,Male,169.218.100.99
606,Janet,Bell,jbellgt@multiply.com,Female,43.110.127.75
607,Margaret,Grant,mgrantgu@dropbox.com,Female,74.185.1.197
608,Jason,Wells,jwellsgv@ucsd.edu,Male,64.27.122.104
609,Jeremy,Richards,jrichardsgw@mail.ru,Male,12.179.205.40
610,Ruth,Grant,rgrantgx@about.com,Female,225.249.125.150
611,Earl,Fox,efoxgy@cornell.edu,Male,15.112.117.101
612,Craig,Howard,chowardgz@businessweek.com,Male,15.107.94.65
613,Phyllis,Larson,plarsonh0@jugem.jp,Female,3.3.184.205
614,Ralph,Schmidt,rschmidth1@prweb.com,Male,252.248.189.5
615,Martin,Hall,mhallh2@walmart.com,Male,49.210.119.119
616,Donald,Olson,dolsonh3@microsoft.com,Male,80.71.146.143
617,Julie,Patterson,jpattersonh4@networksolutions.com,Female,133.248.76.131
618,Patrick,Gomez,pgomezh5@paypal.com,Male,71.124.169.42
619,Julia,Bell,jbellh6@godaddy.com,Female,154.244.66.117
620,Amy,Ford,afordh7@furl.net,Female,83.184.203.139
621,Anthony,Bishop,abishoph8@ustream.tv,Male,96.236.51.210
622,Mark,Hamilton,mhamiltonh9@stumbleupon.com,Male,236.52.140.101
623,Frank,Dixon,fdixonha@engadget.com,Male,66.38.198.184
624,Brenda,Powell,bpowellhb@sfgate.com,Female,103.239.178.147
625,Marie,Mills,mmillshc@si.edu,Female,112.118.101.251
626,Rose,Hernandez,rhernandezhd@cbc.ca,Female,66.192.220.28
627,Christine,Foster,cfosterhe@ocn.ne.jp,Female,205.56.118.94
628,Justin,Powell,jpowellhf@nps.gov,Male,51.254.194.223
629,Carolyn,Dunn,cdunnhg@epa.gov,Female,223.249.176.130
630,David,Hughes,dhugheshh@scientificamerican.com,Male,66.236.131.224
631,Mark,Fernandez,mfernandezhi@theatlantic.com,Male,20.30.102.143
632,Willie,Johnston,wjohnstonhj@apple.com,Male,52.187.118.142
633,Jerry,Myers,jmyershk@etsy.com,Male,17.161.115.197
634,Stephen,Fernandez,sfernandezhl@independent.co.uk,Male,90.154.97.44
635,Eugene,Bennett,ebennetthm@cdbaby.com,Male,15.19.102.222
636,Mildred,Washington,mwashingtonhn@squidoo.com,Female,134.23.174.0
637,Kevin,Gonzales,kgonzalesho@tinypic.com,Male,92.69.101.115
638,Paul,Austin,paustinhp@va.gov,Male,38.214.223.87
639,Wanda,Burton,wburtonhq@amazon.de,Female,72.2.183.191
640,Patrick,Banks,pbankshr@upenn.edu,Male,220.235.253.101
641,Marie,Oliver,moliverhs@wix.com,Female,205.24.226.201
642,Louise,Price,lpriceht@soup.io,Female,221.56.124.182
643,Shirley,Clark,sclarkhu@fda.gov,Female,73.215.164.79
644,Kimberly,Ryan,kryanhv@domainmarket.com,Female,126.148.97.77
645,Jerry,Perez,jperezhw@intel.com,Male,136.201.200.229
646,Joseph,Henderson,jhendersonhx@constantcontact.com,Male,204.141.44.20
647,Alice,Black,ablackhy@blogger.com,Female,196.85.211.131
648,Karen,Gutierrez,kgutierrezhz@tamu.edu,Female,76.24.232.8
649,Jonathan,Dixon,jdixoni0@cnn.com,Male,169.223.215.15
650,Peter,Morrison,pmorrisoni1@so-net.ne.jp,Male,16.13.120.139
651,Deborah,Dunn,ddunni2@japanpost.jp,Female,22.214.170.126
652,Kimberly,Jones,kjonesi3@fda.gov,Female,161.192.137.168
653,Raymond,Allen,ralleni4@dagondesign.com,Male,85.77.106.16
654,Sharon,Stone,sstonei5@ucoz.com,Female,41.36.142.206
655,Eric,Gutierrez,egutierrezi6@cnet.com,Male,135.187.243.183
656,William,Ray,wrayi7@vinaora.com,Male,15.179.160.86
657,Jean,Stanley,jstanleyi8@samsung.com,Female,67.64.213.145
658,Amanda,Fernandez,afernandezi9@ucoz.ru,Female,175.86.89.188
659,Christopher,Chapman,cchapmania@drupal.org,Male,60.65.120.107
660,Wayne,Price,wpriceib@ning.com,Male,71.105.188.187
661,Denise,Stewart,dstewartic@hibu.com,Female,23.71.43.229
662,Martin,Elliott,melliottid@diigo.com,Male,67.174.108.58
663,Angela,Berry,aberryie@mapy.cz,Female,59.199.212.223
664,George,Williamson,gwilliamsonif@berkeley.edu,Male,115.28.85.158
665,Martha,Ford,mfordig@alexa.com,Female,43.153.125.136
666,Andrew,Morales,amoralesih@unc.edu,Male,160.4.222.109
667,Kevin,Clark,kclarkii@nyu.edu,Male,90.99.193.168
668,Gregory,Gonzalez,ggonzalezij@xrea.com,Male,89.233.17.69
669,Marilyn,Arnold,marnoldik@zimbio.com,Female,31.58.80.117
670,Peter,Young,pyoungil@webmd.com,Male,205.166.22.214
671,Elizabeth,Andrews,eandrewsim@usda.gov,Female,240.108.162.59
672,David,Richards,drichardsin@goo.ne.jp,Male,1.176.117.135
673,Angela,Hudson,ahudsonio@pagesperso-orange.fr,Female,201.46.179.187
674,Paul,Dean,pdeanip@goodreads.com,Male,132.48.246.52
675,Bobby,Kim,bkimiq@netlog.com,Male,197.183.127.19
676,Sharon,Wright,swrightir@washingtonpost.com,Female,29.218.253.58
677,Brian,Mitchell,bmitchellis@pen.io,Male,175.14.243.89
678,Bruce,Gordon,bgordonit@pagesperso-orange.fr,Male,186.3.182.2
679,Judy,Scott,jscottiu@qq.com,Female,27.220.17.253
680,Catherine,Owens,cowensiv@gmpg.org,Female,224.236.24.12
681,Janet,Mccoy,jmccoyiw@deviantart.com,Female,98.204.134.40
682,Joshua,Jackson,jjacksonix@multiply.com,Male,220.73.79.243
683,Gary,Bryant,gbryantiy@cnbc.com,Male,168.245.190.71
684,Billy,Jones,bjonesiz@issuu.com,Male,250.237.135.129
685,Harry,Williamson,hwilliamsonj0@artisteer.com,Male,139.70.165.81
686,Daniel,Hudson,dhudsonj1@examiner.com,Male,234.83.74.112
687,Sarah,Alvarez,salvarezj2@clickbank.net,Female,87.154.0.158
688,Douglas,Warren,dwarrenj3@imageshack.us,Male,176.1.72.103
689,Matthew,Bradley,mbradleyj4@va.gov,Male,154.138.246.182
690,Andrea,Morris,amorrisj5@google.pl,Female,161.86.99.51
691,Michelle,Austin,maustinj6@archive.org,Female,182.36.139.207
692,Brian,Willis,bwillisj7@deliciousdays.com,Male,8.44.95.234
693,Diana,Richards,drichardsj8@ucla.edu,Female,151.167.246.7
694,Gloria,Mccoy,gmccoyj9@bandcamp.com,Female,214.237.119.73
695,Marilyn,Banks,mbanksja@google.it,Female,67.88.250.157
696,Paul,Harris,pharrisjb@blogspot.com,Male,52.131.230.142
697,Helen,Richardson,hrichardsonjc@furl.net,Female,39.161.95.43
698,Katherine,Henderson,khendersonjd@loc.gov,Female,132.244.176.89
699,Kathleen,Allen,kallenje@ezinearticles.com,Female,193.209.7.58
700,Judith,Watson,jwatsonjf@vk.com,Female,233.206.46.230
701,Rachel,Ward,rwardjg@theguardian.com,Female,200.27.146.167
702,Aaron,Hicks,ahicksjh@ucla.edu,Male,234.105.19.151
703,Phillip,Robinson,probinsonji@gov.uk,Male,163.178.69.173
704,Alan,Bell,abelljj@pinterest.com,Male,16.77.230.127
705,Debra,Frazier,dfrazierjk@answers.com,Female,151.123.132.104
706,Ruby,Hawkins,rhawkinsjl@indiatimes.com,Female,122.46.140.226
707,Donald,Perez,dperezjm@umich.edu,Male,14.185.216.96
708,Heather,Ryan,hryanjn@usgs.gov,Female,4.87.72.240
709,Eric,Spencer,espencerjo@vistaprint.com,Male,253.182.120.177
710,Anna,Welch,awelchjp@ft.com,Female,202.212.95.173
711,Christina,Hunt,chuntjq@github.io,Female,80.53.4.85
712,Wayne,Campbell,wcampbelljr@zimbio.com,Male,236.217.73.100
713,Kenneth,Crawford,kcrawfordjs@barnesandnoble.com,Male,31.239.226.58
714,Angela,Peterson,apetersonjt@amazonaws.com,Female,160.23.109.78
715,Lori,Hawkins,lhawkinsju@desdev.cn,Female,98.213.43.114
716,Dennis,Elliott,delliottjv@wordpress.com,Male,65.91.192.219
717,Sarah,Russell,srusselljw@samsung.com,Female,119.23.187.115
718,Michelle,Payne,mpaynejx@feedburner.com,Female,234.54.127.40
719,Alan,Barnes,abarnesjy@usnews.com,Male,120.167.249.191
720,Victor,Reid,vreidjz@privacy.gov.au,Male,166.10.61.227
721,Judy,Grant,jgrantk0@mtv.com,Female,5.206.139.251
722,Robert,Vasquez,rvasquezk1@harvard.edu,Male,203.175.214.21
723,Ruby,Nelson,rnelsonk2@earthlink.net,Female,144.59.145.56
724,Donald,Morris,dmorrisk3@mozilla.com,Male,133.57.232.241
725,Ralph,Ward,rwardk4@redcross.org,Male,221.33.44.203
726,Lori,Wright,lwrightk5@pagesperso-orange.fr,Female,50.238.246.243
727,Sandra,Clark,sclarkk6@thetimes.co.uk,Female,178.149.253.255
728,Kathleen,Duncan,kduncank7@furl.net,Female,234.131.37.19
729,Theresa,Snyder,tsnyderk8@forbes.com,Female,244.36.177.205
730,Jack,Adams,jadamsk9@youku.com,Male,130.213.136.238
731,Harry,Long,hlongka@delicious.com,Male,208.216.67.175
732,Howard,Wilson,hwilsonkb@yale.edu,Male,78.204.27.200
733,Brenda,Bennett,bbennettkc@skyrock.com,Female,205.141.210.222
734,Victor,Knight,vknightkd@vistaprint.com,Male,250.116.58.47
735,Stephanie,Powell,spowellke@themeforest.net,Female,84.59.61.226
736,Ernest,Johnston,ejohnstonkf@army.mil,Male,229.193.67.128
737,Rebecca,Nguyen,rnguyenkg@whitehouse.gov,Female,21.75.113.139
738,Kathleen,Spencer,kspencerkh@goo.gl,Female,43.179.130.200
739,Denise,Ward,dwardki@wsj.com,Female,106.27.24.144
740,Cynthia,Jenkins,cjenkinskj@i2i.jp,Female,94.138.65.76
741,Jose,Howell,jhowellkk@va.gov,Male,88.148.78.123
742,Todd,Howard,thowardkl@redcross.org,Male,135.128.126.130
743,Henry,Moore,hmoorekm@yandex.ru,Male,25.161.117.179
744,John,Cooper,jcooperkn@yolasite.com,Male,206.58.202.83
745,Jonathan,Greene,jgreeneko@ustream.tv,Male,120.82.197.124
746,Jonathan,Moreno,jmorenokp@usnews.com,Male,132.201.126.128
747,Jean,Ellis,jelliskq@privacy.gov.au,Female,128.36.135.8
748,Amy,Henry,ahenrykr@biblegateway.com,Female,144.69.73.210
749,Catherine,Olson,colsonks@msn.com,Female,233.69.244.69
750,Susan,Morales,smoraleskt@xrea.com,Female,127.6.226.110
751,Harry,Miller,hmillerku@tumblr.com,Male,167.144.0.47
752,John,Wilson,jwilsonkv@histats.com,Male,10.83.37.138
753,Bonnie,Williams,bwilliamskw@mayoclinic.com,Female,215.202.88.119
754,Tina,Woods,twoodskx@usnews.com,Female,122.138.230.222
755,Joan,Murray,jmurrayky@whitehouse.gov,Female,206.111.1.169
756,Chris,Dixon,cdixonkz@tuttocitta.it,Male,49.72.133.37
757,Steven,Hernandez,shernandezl0@nsw.gov.au,Male,65.254.116.163
758,Ruth,Gutierrez,rgutierrezl1@csmonitor.com,Female,254.39.68.238
759,Kathleen,Lee,kleel2@altervista.org,Female,58.134.82.119
760,Martin,Hernandez,mhernandezl3@artisteer.com,Male,140.220.179.92
761,Barbara,Banks,bbanksl4@booking.com,Female,105.156.54.64
762,Angela,Porter,aporterl5@wisc.edu,Female,34.198.137.225
763,Christine,Hernandez,chernandezl6@dedecms.com,Female,170.205.59.164
764,Julie,Bowman,jbowmanl7@elpais.com,Female,177.25.16.135
765,Juan,Jacobs,jjacobsl8@nyu.edu,Male,60.145.82.227
766,Nicole,Turner,nturnerl9@amazon.co.jp,Female,244.154.3.75
767,Rose,Hill,rhillla@smugmug.com,Female,142.85.112.139
768,Laura,Patterson,lpattersonlb@jigsy.com,Female,197.68.249.31
769,Chris,Nguyen,cnguyenlc@smugmug.com,Male,245.213.199.153
770,Patricia,Pierce,ppierceld@tumblr.com,Female,211.119.192.101
771,Jeremy,Murray,jmurrayle@mail.ru,Male,27.230.224.69
772,Janet,Andrews,jandrewslf@mlb.com,Female,192.82.55.74
773,Charles,Reid,creidlg@ebay.com,Male,241.188.167.96
774,Mark,Stephens,mstephenslh@ucoz.ru,Male,149.26.0.22
775,Fred,Martinez,fmartinezli@bluehost.com,Male,155.140.14.36
776,Rebecca,Hayes,rhayeslj@army.mil,Female,233.117.194.129
777,Jerry,Peters,jpeterslk@behance.net,Male,242.251.107.222
778,Lori,Bennett,lbennettll@go.com,Female,46.128.209.90
779,Russell,Bowman,rbowmanlm@craigslist.org,Male,43.132.28.122
780,Deborah,Henry,dhenryln@yahoo.co.jp,Female,174.5.197.173
781,Tina,Mcdonald,tmcdonaldlo@businesswire.com,Female,195.36.34.13
782,Amanda,Gomez,agomezlp@gov.uk,Female,128.234.114.68
783,Joseph,Oliver,joliverlq@list-manage.com,Male,146.205.178.78
784,Patrick,Mitchell,pmitchelllr@feedburner.com,Male,191.77.176.69
785,Andrea,Lawson,alawsonls@oaic.gov.au,Female,194.49.117.126
786,Maria,Gutierrez,mgutierrezlt@networksolutions.com,Female,184.9.63.236
787,Ryan,Marshall,rmarshalllu@php.net,Male,178.67.71.62
788,Howard,Woods,hwoodslv@newsvine.com,Male,169.55.226.188
789,Howard,Baker,hbakerlw@themeforest.net,Male,117.237.101.85
790,Gerald,Martinez,gmartinezlx@seesaa.net,Male,66.10.252.62
791,Rebecca,Willis,rwillisly@comcast.net,Female,83.96.218.133
792,Benjamin,Cook,bcooklz@webeden.co.uk,Male,171.55.114.24
793,Jack,Knight,jknightm0@ning.com,Male,73.195.66.40
794,Mary,Hall,mhallm1@sohu.com,Female,151.187.218.187
795,Amanda,Watkins,awatkinsm2@google.ru,Female,5.217.128.220
796,Eugene,Greene,egreenem3@scribd.com,Male,173.131.121.210
797,Jesse,Fuller,jfullerm4@goo.ne.jp,Male,80.66.175.162
798,Debra,Ryan,dryanm5@prnewswire.com,Female,177.195.70.232
799,Christina,Duncan,cduncanm6@reference.com,Female,197.32.44.171
800,Stephanie,Sullivan,ssullivanm7@spotify.com,Female,82.195.100.246
801,William,Bowman,wbowmanm8@behance.net,Male,47.72.154.196
802,Beverly,Hughes,bhughesm9@uol.com.br,Female,122.152.104.145
803,Charles,Williams,cwilliamsma@eepurl.com,Male,163.96.26.67
804,Virginia,Hansen,vhansenmb@stumbleupon.com,Female,1.124.42.183
805,Sharon,Wright,swrightmc@apache.org,Female,58.125.147.177
806,William,Martinez,wmartinezmd@slideshare.net,Male,132.29.202.213
807,Julia,West,jwestme@etsy.com,Female,67.59.22.64
808,Ruby,Boyd,rboydmf@harvard.edu,Female,3.168.189.99
809,Fred,Fox,ffoxmg@constantcontact.com,Male,47.119.16.65
810,Eugene,Williamson,ewilliamsonmh@mac.com,Male,41.111.55.239
811,Emily,Washington,ewashingtonmi@phoca.cz,Female,104.80.224.254
812,Antonio,Chapman,achapmanmj@unesco.org,Male,3.224.212.91
813,Kenneth,Alvarez,kalvarezmk@usa.gov,Male,11.173.4.92
814,Karen,Butler,kbutlerml@spiegel.de,Female,162.136.238.113
815,Bruce,Allen,ballenmm@wufoo.com,Male,119.86.152.14
816,Louis,Hanson,lhansonmn@pinterest.com,Male,57.60.15.129
817,Jacqueline,Palmer,jpalmermo@uol.com.br,Female,61.184.160.9
818,Terry,Rodriguez,trodriguezmp@diigo.com,Male,31.207.186.72
819,Teresa,Scott,tscottmq@cloudflare.com,Female,35.147.151.241
820,Joan,Greene,jgreenemr@cdbaby.com,Female,176.17.121.197
821,Alan,Richardson,arichardsonms@oaic.gov.au,Male,234.176.205.82
822,Brandon,Palmer,bpalmermt@google.de,Male,177.131.108.7
823,Doris,Collins,dcollinsmu@columbia.edu,Female,34.191.20.72
824,Rebecca,Hanson,rhansonmv@xinhuanet.com,Female,245.50.165.166
825,Raymond,Montgomery,rmontgomerymw@forbes.com,Male,66.11.248.71
826,Russell,Elliott,relliottmx@biblegateway.com,Male,52.81.241.34
827,Douglas,Powell,dpowellmy@nyu.edu,Male,183.208.8.224
828,Roger,Long,rlongmz@mtv.com,Male,170.32.72.188
829,Frances,Matthews,fmatthewsn0@nih.gov,Female,129.172.168.210
830,Jack,Spencer,jspencern1@youtube.com,Male,78.99.139.64
831,Rose,Perkins,rperkinsn2@imgur.com,Female,80.89.92.7
832,Tammy,Foster,tfostern3@google.co.uk,Female,124.54.245.246
833,Carl,Frazier,cfraziern4@networksolutions.com,Male,10.220.196.134
834,Kenneth,Day,kdayn5@wikimedia.org,Male,185.214.168.97
835,Mary,Torres,mtorresn6@cmu.edu,Female,86.219.185.135
836,Cynthia,Thompson,cthompsonn7@pinterest.com,Female,183.230.41.175
837,Roger,Fowler,rfowlern8@goo.ne.jp,Male,65.81.89.210
838,Wanda,Gonzalez,wgonzalezn9@unesco.org,Female,14.165.18.55
839,Benjamin,Crawford,bcrawfordna@diigo.com,Male,38.87.9.93
840,Randy,Murray,rmurraynb@ftc.gov,Male,243.18.200.171
841,Edward,Johnson,ejohnsonnc@guardian.co.uk,Male,252.32.68.199
842,Fred,Freeman,ffreemannd@sciencedirect.com,Male,35.8.145.159
843,Sandra,Tucker,stuckerne@yolasite.com,Female,169.203.9.203
844,Juan,George,jgeorgenf@photobucket.com,Male,239.150.214.175
845,Thomas,Perez,tperezng@wikipedia.org,Male,21.111.40.87
846,Douglas,Morris,dmorrisnh@csmonitor.com,Male,245.164.117.238
847,Anne,Garrett,agarrettni@cnn.com,Female,212.144.9.245
848,Eugene,Cruz,ecruznj@cornell.edu,Male,132.123.188.147
849,Christopher,Peterson,cpetersonnk@a8.net,Male,243.52.16.161
850,Ralph,Lynch,rlynchnl@blogger.com,Male,201.76.247.126
851,Joan,Scott,jscottnm@mayoclinic.com,Female,175.179.49.49
852,Judith,Reyes,jreyesnn@wiley.com,Female,158.254.96.109
853,Ruth,Hunter,rhunterno@upenn.edu,Female,119.177.113.248
854,Jack,Burton,jburtonnp@reddit.com,Male,11.168.121.65
855,Earl,Powell,epowellnq@photobucket.com,Male,106.116.161.169
856,Gerald,Reed,greednr@privacy.gov.au,Male,25.156.145.66
857,Raymond,Cox,rcoxns@nifty.com,Male,134.94.173.139
858,Christine,Watson,cwatsonnt@ocn.ne.jp,Female,41.77.132.223
859,Denise,Spencer,dspencernu@live.com,Female,251.94.5.28
860,Wanda,Wood,wwoodnv@weather.com,Female,86.221.32.112
861,Catherine,Jackson,cjacksonnw@about.me,Female,120.243.177.162
862,Cynthia,Franklin,cfranklinnx@state.tx.us,Female,72.165.165.97
863,Andrea,Riley,arileyny@163.com,Female,149.47.73.207
864,Paula,Myers,pmyersnz@uiuc.edu,Female,193.125.113.85
865,Todd,Gonzales,tgonzaleso0@skype.com,Male,182.128.223.58
866,Chris,Bishop,cbishopo1@blogspot.com,Male,211.63.122.230
867,Kevin,Wheeler,kwheelero2@usnews.com,Male,68.10.197.158
868,Nancy,Cunningham,ncunninghamo3@csmonitor.com,Female,112.43.105.216
869,Peter,Hart,pharto4@unicef.org,Male,194.214.44.143
870,Terry,Gilbert,tgilberto5@tumblr.com,Male,154.227.227.87
871,Mark,Jones,mjoneso6@pagesperso-orange.fr,Male,245.208.148.245
872,Arthur,Hall,ahallo7@de.vu,Male,195.178.115.30
873,Lawrence,Warren,lwarreno8@arizona.edu,Male,12.172.87.151
874,Joe,Price,jpriceo9@dedecms.com,Male,36.71.20.95
875,Shirley,Morris,smorrisoa@lycos.com,Female,17.89.215.117
876,Jack,Hill,jhillob@pbs.org,Male,195.228.31.105
877,Robin,Snyder,rsnyderoc@mozilla.org,Female,34.236.240.198
878,Carolyn,Wright,cwrightod@arizona.edu,Female,87.218.111.225
879,Amy,Edwards,aedwardsoe@instagram.com,Female,121.146.230.181
880,Lois,Moore,lmooreof@elpais.com,Female,44.141.59.90
881,Steven,Palmer,spalmerog@techcrunch.com,Male,212.138.159.64
882,Justin,Hayes,jhayesoh@washington.edu,Male,181.247.115.97
883,Stephen,Adams,sadamsoi@squarespace.com,Male,64.246.77.132
884,Kathleen,Rodriguez,krodriguezoj@jugem.jp,Female,254.232.159.161
885,Alan,Garcia,agarciaok@purevolume.com,Male,6.18.87.154
886,Andrew,Cook,acookol@csmonitor.com,Male,190.224.211.205
887,Melissa,West,mwestom@shutterfly.com,Female,166.80.210.196
888,Annie,George,ageorgeon@cyberchimps.com,Female,78.116.217.194
889,Dennis,Welch,dwelchoo@vimeo.com,Male,200.28.113.32
890,Marie,Bailey,mbaileyop@cloudflare.com,Female,214.228.126.68
891,Martha,Richards,mrichardsoq@gravatar.com,Female,36.70.95.108
892,Martha,Howard,mhowardor@businessweek.com,Female,8.181.83.132
893,Angela,Hicks,ahicksos@toplist.cz,Female,79.14.48.205
894,Christina,Reynolds,creynoldsot@uol.com.br,Female,245.143.82.18
895,Joshua,Peterson,jpetersonou@blinklist.com,Male,243.206.70.127
896,Edward,Reynolds,ereynoldsov@mozilla.org,Male,135.234.125.223
897,Philip,Carter,pcarterow@netlog.com,Male,159.133.176.226
898,Beverly,Gilbert,bgilbertox@accuweather.com,Female,24.118.218.124
899,Joshua,Flores,jfloresoy@topsy.com,Male,21.24.199.17
900,Margaret,Mendoza,mmendozaoz@tmall.com,Female,171.111.121.206
901,Willie,Carr,wcarrp0@tripod.com,Male,39.224.66.121
902,Julia,Morales,jmoralesp1@csmonitor.com,Female,125.170.215.133
903,Irene,Nguyen,inguyenp2@ameblo.jp,Female,29.120.82.229
904,Joe,Evans,jevansp3@hibu.com,Male,127.95.107.197
905,Carol,Reynolds,creynoldsp4@globo.com,Female,153.219.125.59
906,Thomas,Graham,tgrahamp5@telegraph.co.uk,Male,197.35.240.177
907,Margaret,Barnes,mbarnesp6@angelfire.com,Female,138.64.153.191
908,Robin,Mcdonald,rmcdonaldp7@4shared.com,Female,10.174.50.233
909,Brandon,Medina,bmedinap8@unesco.org,Male,39.37.36.5
910,Philip,Cooper,pcooperp9@mediafire.com,Male,180.252.35.218
911,Jeffrey,Mendoza,jmendozapa@mail.ru,Male,100.139.217.252
912,Paula,Baker,pbakerpb@desdev.cn,Female,41.44.100.61
913,Carol,Hart,chartpc@printfriendly.com,Female,127.241.25.250
914,Christine,Carpenter,ccarpenterpd@marketwatch.com,Female,64.12.23.226
915,Raymond,Nguyen,rnguyenpe@blinklist.com,Male,31.227.245.132
916,Wayne,Armstrong,warmstrongpf@youtube.com,Male,144.121.212.213
917,Gloria,Hunter,ghunterpg@miibeian.gov.cn,Female,187.192.143.48
918,Jason,Howell,jhowellph@dell.com,Male,141.204.100.85
919,Tammy,Pierce,tpiercepi@cnbc.com,Female,147.131.55.92
920,Carl,Watkins,cwatkinspj@bing.com,Male,180.206.58.172
921,Katherine,Black,kblackpk@google.com,Female,167.212.37.39
922,Andrew,Gilbert,agilbertpl@storify.com,Male,175.45.196.25
923,Dennis,Warren,dwarrenpm@cpanel.net,Male,177.111.82.173
924,Dorothy,Taylor,dtaylorpn@shinystat.com,Female,253.222.86.84
925,Beverly,Knight,bknightpo@t-online.de,Female,59.220.40.35
926,Justin,Gutierrez,jgutierrezpp@printfriendly.com,Male,62.7.116.102
927,Nicholas,Martinez,nmartinezpq@globo.com,Male,175.221.80.47
928,Martha,Hughes,mhughespr@devhub.com,Female,9.16.172.112
929,Evelyn,Martin,emartinps@blogspot.com,Female,239.197.51.52
930,Sarah,Cox,scoxpt@php.net,Female,226.148.174.123
931,Louise,Palmer,lpalmerpu@rambler.ru,Female,89.213.12.208
932,Steve,Young,syoungpv@studiopress.com,Male,119.49.208.72
933,Jacqueline,Elliott,jelliottpw@skyrock.com,Female,98.160.55.49
934,William,Rose,wrosepx@apache.org,Male,141.247.170.21
935,Shawn,White,swhitepy@economist.com,Male,23.105.107.189
936,Marie,Mccoy,mmccoypz@reddit.com,Female,231.7.231.11
937,Jimmy,Robinson,jrobinsonq0@ameblo.jp,Male,193.80.252.174
938,Joe,Riley,jrileyq1@un.org,Male,119.238.252.210
939,Carol,Alexander,calexanderq2@tiny.cc,Female,43.255.53.185
940,Patrick,Arnold,parnoldq3@furl.net,Male,92.24.239.209
941,Nicole,Armstrong,narmstrongq4@infoseek.co.jp,Female,162.95.125.14
942,Brenda,Howell,bhowellq5@networksolutions.com,Female,234.164.129.152
943,Helen,Lewis,hlewisq6@harvard.edu,Female,153.102.216.167
944,Annie,Gardner,agardnerq7@umn.edu,Female,205.236.37.244
945,Scott,Harrison,sharrisonq8@xinhuanet.com,Male,117.41.171.0
946,Wayne,Thomas,wthomasq9@gov.uk,Male,167.122.120.94
947,Jack,Miller,jmillerqa@plala.or.jp,Male,167.227.185.43
948,Heather,Price,hpriceqb@wp.com,Female,177.12.19.128
949,Heather,Coleman,hcolemanqc@acquirethisname.com,Female,232.13.226.239
950,Kathy,Morgan,kmorganqd@noaa.gov,Female,169.215.67.179
951,Steven,Snyder,ssnyderqe@woothemes.com,Male,165.232.207.230
952,Deborah,Harris,dharrisqf@hatena.ne.jp,Female,142.39.62.174
953,Anne,Nguyen,anguyenqg@abc.net.au,Female,3.128.185.71
954,Mark,Pierce,mpierceqh@alexa.com,Male,54.185.190.145
955,Phyllis,Stewart,pstewartqi@drupal.org,Female,71.49.74.113
956,Chris,Hanson,chansonqj@gov.uk,Male,65.109.175.185
957,Patricia,Armstrong,parmstrongqk@upenn.edu,Female,220.131.112.113
958,James,Davis,jdavisql@goodreads.com,Male,155.219.221.144
959,Kenneth,Wright,kwrightqm@wikispaces.com,Male,13.102.92.156
960,Christopher,Gilbert,cgilbertqn@youtube.com,Male,204.186.122.12
961,Gloria,Chavez,gchavezqo@buzzfeed.com,Female,14.29.88.225
962,George,Martin,gmartinqp@webmd.com,Male,113.36.48.248
963,Sean,Spencer,sspencerqq@usa.gov,Male,24.204.94.245
964,Benjamin,Campbell,bcampbellqr@telegraph.co.uk,Male,201.134.133.241
965,Donald,Bell,dbellqs@marriott.com,Male,50.130.149.134
966,Patrick,Myers,pmyersqt@diigo.com,Male,45.253.213.53
967,Judy,Jordan,jjordanqu@nymag.com,Female,58.225.250.227
968,Jose,Rodriguez,jrodriguezqv@devhub.com,Male,96.140.12.220
969,Phillip,Banks,pbanksqw@shareasale.com,Male,90.110.79.209
970,Frances,Hansen,fhansenqx@hatena.ne.jp,Female,198.98.197.112
971,Aaron,Harper,aharperqy@jalbum.net,Male,19.72.204.165
972,Clarence,Warren,cwarrenqz@comcast.net,Male,254.244.151.36
973,Craig,Cole,ccoler0@epa.gov,Male,173.137.173.38
974,Karen,Ferguson,kfergusonr1@who.int,Female,191.1.30.143
975,Paula,Thompson,pthompsonr2@webeden.co.uk,Female,212.109.91.172
976,Angela,Carter,acarterr3@noaa.gov,Female,162.253.61.203
977,Sara,Lane,slaner4@elegantthemes.com,Female,160.84.187.252
978,Lois,Diaz,ldiazr5@dagondesign.com,Female,12.53.60.215
979,Joyce,Marshall,jmarshallr6@berkeley.edu,Female,238.142.6.72
980,Albert,Gomez,agomezr7@constantcontact.com,Male,206.98.3.88
981,Betty,Alexander,balexanderr8@omniture.com,Female,120.227.229.1
982,Roger,Sullivan,rsullivanr9@bbc.co.uk,Male,71.200.50.141
983,Patrick,Henry,phenryra@hhs.gov,Male,253.213.110.228
984,Rebecca,Richards,rrichardsrb@wikipedia.org,Female,107.137.214.177
985,Bobby,Chavez,bchavezrc@bloomberg.com,Male,138.27.209.82
986,Steven,Gardner,sgardnerrd@blinklist.com,Male,88.226.163.4
987,Alan,Gilbert,agilbertre@indiegogo.com,Male,66.240.201.190
988,Edward,Little,elittlerf@bluehost.com,Male,43.121.0.208
989,Terry,Gray,tgrayrg@ask.com,Male,245.231.254.147
990,Andrew,Gonzales,agonzalesrh@canalblog.com,Male,14.228.60.248
991,Brian,Fernandez,bfernandezri@netvibes.com,Male,235.53.16.30
992,Walter,Hunt,whuntrj@alexa.com,Male,28.131.232.58
993,Sharon,Gilbert,sgilbertrk@plala.or.jp,Female,26.230.31.176
994,Judith,Brown,jbrownrl@live.com,Female,156.110.249.27
995,Phyllis,Wood,pwoodrm@prlog.org,Female,134.100.130.145
996,Jessica,Hart,jhartrn@cbslocal.com,Female,136.255.71.58
997,Jesse,Murphy,jmurphyro@tinypic.com,Male,218.171.89.23
998,Doris,Allen,dallenrp@weather.com,Female,230.43.72.96
999,Lawrence,Price,lpricerq@earthlink.net,Male,119.220.170.13
1000,Russell,Martin,rmartinrr@tuttocitta.it,Male,204.59.179.4
